[{"id":1,"name":"Alabama","abbreviation":"AL","active":"1","created_at":"2018-08-09 11:14:52","updated_at":null,"available":"0"},{"id":2,"name":"Alaska","abbreviation":"AK","active":"1","created_at":"2018-08-09 11:15:13","updated_at":null,"available":"0"},{"id":3,"name":"Arizona","abbreviation":"AZ","active":"1","created_at":"2018-08-09 11:15:24","updated_at":null,"available":"0"},{"id":4,"name":"Arkansas","abbreviation":"AR","active":"1","created_at":"2018-08-09 11:15:38","updated_at":null,"available":"0"},{"id":5,"name":"California","abbreviation":"CA","active":"1","created_at":"2018-08-09 11:15:49","updated_at":null,"available":"0"},{"id":6,"name":"Colorado","abbreviation":"CO","active":"1","created_at":"2018-08-09 11:15:59","updated_at":null,"available":"1"},{"id":7,"name":"Connecticut","abbreviation":"CT","active":"1","created_at":"2018-08-09 11:16:11","updated_at":null,"available":"0"},{"id":8,"name":"Delaware","abbreviation":"DE","active":"1","created_at":"2018-08-09 11:16:22","updated_at":null,"available":"0"},{"id":9,"name":"Florida","abbreviation":"FL","active":"1","created_at":"2018-08-09 11:16:33","updated_at":null,"available":"0"},{"id":10,"name":"Georgia","abbreviation":"GA","active":"1","created_at":"2018-08-09 11:16:45","updated_at":null,"available":"0"},{"id":11,"name":"Hawaii","abbreviation":"HI","active":"1","created_at":"2018-08-09 11:16:57","updated_at":null,"available":"0"},{"id":12,"name":"Idaho","abbreviation":"ID","active":"1","created_at":"2018-08-09 11:17:10","updated_at":null,"available":"0"},{"id":13,"name":"Illinois","abbreviation":"IL","active":"1","created_at":"2018-08-09 11:17:23","updated_at":null,"available":"0"},{"id":14,"name":"Indiana","abbreviation":"IN","active":"1","created_at":"2018-08-09 11:17:39","updated_at":null,"available":"0"},{"id":15,"name":"Iowa","abbreviation":"IA","active":"1","created_at":"2018-08-09 11:17:49","updated_at":null,"available":"0"},{"id":16,"name":"Kansas","abbreviation":"KS","active":"1","created_at":"2018-08-09 11:18:02","updated_at":null,"available":"0"},{"id":17,"name":"Kentucky","abbreviation":"KY","active":"1","created_at":"2018-08-09 11:18:13","updated_at":null,"available":"0"},{"id":18,"name":"Louisiana","abbreviation":"LA","active":"1","created_at":"2018-08-09 11:18:23","updated_at":null,"available":"1"},{"id":19,"name":"Maine","abbreviation":"ME","active":"1","created_at":"2018-08-09 11:18:35","updated_at":null,"available":"0"},{"id":20,"name":"Maryland","abbreviation":"MD","active":"1","created_at":"2018-08-09 11:18:46","updated_at":null,"available":"0"},{"id":21,"name":"Massachusetts","abbreviation":"MA","active":"1","created_at":"2018-08-09 11:18:57","updated_at":null,"available":"0"},{"id":22,"name":"Michigan","abbreviation":"MI","active":"1","created_at":"2018-08-09 11:19:10","updated_at":null,"available":"1"},{"id":23,"name":"Minnesota","abbreviation":"MN","active":"1","created_at":"2018-08-09 11:19:20","updated_at":null,"available":"0"},{"id":24,"name":"Mississippi","abbreviation":"MS","active":"1","created_at":"2018-08-09 11:19:31","updated_at":null,"available":"0"},{"id":25,"name":"Missouri","abbreviation":"MO","active":"1","created_at":"2018-08-09 11:19:41","updated_at":null,"available":"0"},{"id":26,"name":"Montana","abbreviation":"MT","active":"1","created_at":"2018-08-09 11:19:59","updated_at":null,"available":"0"},{"id":27,"name":"Nebraska","abbreviation":"NE","active":"1","created_at":"2018-08-09 11:20:10","updated_at":null,"available":"0"},{"id":28,"name":"Nevada","abbreviation":"NV","active":"1","created_at":"2018-08-09 11:20:22","updated_at":null,"available":"0"},{"id":29,"name":"New Hampshire","abbreviation":"NH","active":"1","created_at":"2018-08-09 11:20:37","updated_at":null,"available":"0"},{"id":30,"name":"New Jersey","abbreviation":"NJ","active":"1","created_at":"2018-08-09 11:20:48","updated_at":null,"available":"0"},{"id":31,"name":"New Mexico","abbreviation":"NM","active":"1","created_at":"2018-08-09 11:21:11","updated_at":null,"available":"0"},{"id":32,"name":"New York","abbreviation":"NY","active":"1","created_at":"2018-08-09 11:21:23","updated_at":null,"available":"0"},{"id":33,"name":"North Carolina","abbreviation":"NC","active":"1","created_at":"2018-08-09 11:21:36","updated_at":null,"available":"0"},{"id":34,"name":"North Dakota","abbreviation":"ND","active":"1","created_at":"2018-08-09 11:21:47","updated_at":null,"available":"0"},{"id":35,"name":"Ohio","abbreviation":"OH","active":"1","created_at":"2018-08-09 11:21:58","updated_at":null,"available":"0"},{"id":36,"name":"Oklahoma","abbreviation":"OK","active":"1","created_at":"2018-08-09 11:22:10","updated_at":null,"available":"1"},{"id":37,"name":"Oregon","abbreviation":"OR","active":"1","created_at":"2018-08-09 11:22:20","updated_at":null,"available":"0"},{"id":38,"name":"Pennsylvania","abbreviation":"PA","active":"1","created_at":"2018-08-09 11:22:32","updated_at":null,"available":"0"},{"id":39,"name":"Rhode Island","abbreviation":"RI","active":"1","created_at":"2018-08-09 11:22:44","updated_at":null,"available":"0"},{"id":40,"name":"South Carolina","abbreviation":"SC","active":"1","created_at":"2018-08-09 11:25:09","updated_at":null,"available":"0"},{"id":41,"name":"South Dakota","abbreviation":"SD","active":"1","created_at":"2018-08-09 11:25:20","updated_at":null,"available":"0"},{"id":42,"name":"Tennessee","abbreviation":"TN","active":"1","created_at":"2018-08-09 11:25:31","updated_at":null,"available":"0"},{"id":43,"name":"Texas","abbreviation":"TX","active":"1","created_at":"2018-08-09 11:25:41","updated_at":null,"available":"0"},{"id":44,"name":"Utah","abbreviation":"UT","active":"1","created_at":"2018-08-09 11:25:51","updated_at":null,"available":"0"},{"id":45,"name":"Vermont","abbreviation":"VT","active":"1","created_at":"2018-08-09 11:26:01","updated_at":null,"available":"0"},{"id":46,"name":"Virginia","abbreviation":"VA","active":"1","created_at":"2018-08-09 11:26:11","updated_at":null,"available":"0"},{"id":47,"name":"Washington","abbreviation":"WA","active":"1","created_at":"2018-08-09 11:26:22","updated_at":null,"available":"1"},{"id":48,"name":"West Virginia","abbreviation":"WV","active":"1","created_at":"2018-08-09 11:26:32","updated_at":null,"available":"0"},{"id":49,"name":"Wisconsin","abbreviation":"WI","active":"1","created_at":"2018-08-09 11:26:42","updated_at":null,"available":"0"},{"id":50,"name":"Wyoming","abbreviation":"WY","active":"1","created_at":"2018-08-09 11:26:52","updated_at":null,"available":"0"}]