[{"id":2,"title":"Approved Through 6\/2021","color_id":2,"states_id":42,"user_id":1,"description":"State has approved SUD waiver(s) and pending SUD waiver request(s)","first_heading":"TennCare II","second_heading":null,"state_content":"<p>^ = Only covered under demonstration<br \/>\r\n* = Eligible for match for individuals residing in an IMD<\/p>","active":"1","created_at":"2018-11-03 12:05:02","updated_at":"2018-11-15 11:34:17","name":"Approved SUD and pending waiver request","color":"#9dd8c5","hover_color":"#9dd8c5","state_name":"Tennessee","medicad":[],"states":{"id":42,"name":"Tennessee","abbreviation":"TN","active":"1","created_at":"2018-08-09 11:25:31","updated_at":null}},{"id":1,"title":"Approved Through 12\/2021","color_id":1,"states_id":47,"user_id":1,"description":"State has approved SUD waiver(s)","first_heading":"Washington State Medicaid Transformation Project","second_heading":null,"state_content":"<p>^ = Only covered under demonstration<br \/>\r\n* = Eligible for match for individuals residing in an IMD<\/p>","active":"1","created_at":"2018-11-03 12:08:00","updated_at":"2019-05-30 09:28:42","name":"Approved SUD","color":"#77c398","hover_color":"#77c398","state_name":"Washington","medicad":[],"states":{"id":47,"name":"Washington","abbreviation":"WA","active":"1","created_at":"2018-08-09 11:26:22","updated_at":null}},{"id":3,"title":"Approved Through 12\/2019","color_id":3,"states_id":46,"user_id":1,"description":"State has pending SUD waiver request(s)","first_heading":"Virginia Governor\u2019s Access Plan (GAP) for the Seriously Mentally Ill and Addiction and Recovery Treatment Services (ARTS) Delivery System Transformation Demonstration","second_heading":"Proposed Changes in Virginia Creating Opportunities for Medicaid Participants to Achieve Self-Sufficiency (COMPASS) Extension","state_content":"<p>^ = Only covered under demonstration<br \/>\r\n* = Eligible for match for individuals residing in an IMD<\/p>","active":"1","created_at":"2018-11-03 12:17:28","updated_at":"2019-05-30 09:20:08","name":"Pending waiver request","color":"#cdecec","hover_color":"#cdecec","state_name":"Virginia","medicad":[],"states":{"id":46,"name":"Virginia","abbreviation":"VA","active":"1","created_at":"2018-08-09 11:26:11","updated_at":null}},{"id":1,"title":"Approved Through 12\/2023","color_id":1,"states_id":2,"user_id":1,"description":"State has approved SUD waiver(s)","first_heading":"Behavioral Health Demonstration","second_heading":null,"state_content":"<p>[1] CMS did not approve Alaska&rsquo;s request to use expenditure authority to fund new MH benefits, such as MH day treatment, ACT and therapeutic foster care services.<\/p>\r\n\r\n<p>^ = Only covered under demonstration<br \/>\r\n* = Eligible for match for individuals residing in an IMD<\/p>","active":"1","created_at":"2018-11-03 15:13:10","updated_at":"2019-05-30 05:37:57","name":"Approved SUD","color":"#77c398","hover_color":"#77c398","state_name":"Alaska","medicad":[],"states":{"id":2,"name":"Alaska","abbreviation":"AK","active":"1","created_at":"2018-08-09 11:15:13","updated_at":null}},{"id":2,"title":"Approved Through 9\/2021","color_id":2,"states_id":3,"user_id":1,"description":"State has approved SUD waiver(s) and pending SUD waiver request(s)","first_heading":"Arizona Health Care Cost Containment System (AHCCCS): Institutions for Mental Disease Amendment","second_heading":null,"state_content":"<p>^ = Only covered under demonstration<br \/>\r\n* = Eligible for match for individuals residing in an IMD<\/p>","active":"1","created_at":"2018-11-03 15:13:10","updated_at":"2019-05-30 05:57:16","name":"Approved SUD and pending waiver request","color":"#9dd8c5","hover_color":"#9dd8c5","state_name":"Arizona","medicad":[],"states":{"id":3,"name":"Arizona","abbreviation":"AZ","active":"1","created_at":"2018-08-09 11:15:24","updated_at":null}},{"id":1,"title":"Approved Through 12\/2020","color_id":1,"states_id":5,"user_id":1,"description":"State has approved SUD waiver(s)","first_heading":"California Medi-Cal 2020","second_heading":null,"state_content":"<p>^ = Only covered under demonstration<br \/>\r\n* = Eligible for match for individuals residing in an IMD<\/p>","active":"1","created_at":"2018-11-03 15:13:10","updated_at":"2018-11-15 11:39:47","name":"Approved SUD","color":"#77c398","hover_color":"#77c398","state_name":"California","medicad":[],"states":{"id":5,"name":"California","abbreviation":"CA","active":"1","created_at":"2018-08-09 11:15:49","updated_at":null}},{"id":2,"title":"Approved Through 12\/2018","color_id":2,"states_id":8,"user_id":1,"description":"State has approved SUD waiver(s) and pending SUD waiver request(s)","first_heading":"Delaware Diamond State Health Plan","second_heading":"Proposed Changes in Delaware Diamond State Health Plan Amendment","state_content":"<p>^ = Only covered under demonstration<br \/>\r\n* = Eligible for match for individuals residing in an IMD<\/p>","active":"1","created_at":"2018-11-03 15:13:10","updated_at":"2019-05-30 06:22:54","name":"Approved SUD and pending waiver request","color":"#9dd8c5","hover_color":"#9dd8c5","state_name":"Delaware","medicad":[],"states":{"id":8,"name":"Delaware","abbreviation":"DE","active":"1","created_at":"2018-08-09 11:16:22","updated_at":null}},{"id":1,"title":"Approved Through 6\/2022","color_id":1,"states_id":9,"user_id":1,"description":"State has approved SUD waiver(s)","first_heading":"Managed Medical Assistance Program","second_heading":null,"state_content":"<p>^ = Only covered under demonstration<br \/>\r\n* = Eligible for match for individuals residing in an IMD<\/p>","active":"1","created_at":"2018-11-03 15:13:10","updated_at":"2019-05-30 06:29:45","name":"Approved SUD","color":"#77c398","hover_color":"#77c398","state_name":"Florida","medicad":[],"states":{"id":9,"name":"Florida","abbreviation":"FL","active":"1","created_at":"2018-08-09 11:16:33","updated_at":null}},{"id":2,"title":"Approved Through 6\/2019","color_id":2,"states_id":11,"user_id":1,"description":"State has approved SUD waiver(s) and pending SUD waiver request(s)","first_heading":"QUEST Integration","second_heading":null,"state_content":"<p><em>^ = Only covered under demonstration<\/em><\/p>\r\n\r\n<p><em>* = Eligible for match for individuals residing in an IMD<\/em><\/p>","active":"1","created_at":"2018-11-03 15:13:10","updated_at":"2019-05-30 06:34:39","name":"Approved SUD and pending waiver request","color":"#9dd8c5","hover_color":"#9dd8c5","state_name":"Hawaii","medicad":[],"states":{"id":11,"name":"Hawaii","abbreviation":"HI","active":"1","created_at":"2018-08-09 11:16:57","updated_at":null}},{"id":1,"title":"Approved Through 6\/2023","color_id":1,"states_id":13,"user_id":1,"description":"State has approved SUD waiver(s)","first_heading":"Illinois Behavioral Health Transformation Demonstration","second_heading":null,"state_content":"<p>CMS did not approve a number of SUD-related features requested by Illinois, including expenditure authority to:<br \/>\r\ndevelop and implement integrated physical and behavioral health homes (e.g., funding for provider training and<br \/>\r\ncapacity building); implement BH workforce training and capacity-building initiatives (e.g., loan repayment,<br \/>\r\nincentives to work in underserved areas, telemedicine, etc.); provide select benefits for justice-involved<br \/>\r\npopulations 30 days prior to release; and provide federal matching funds for BH-related DHSPs. Additionally, CMS<br \/>\r\ndid not approve Illinois&rsquo;s waiver requests to delay Medicaid redetermination for justice-involved populations until<br \/>\r\n180 days after release and auto-enroll justice-involved populations in a MMC plan prior to discharge.<br \/>\r\n^ = Only covered under demonstration<br \/>\r\n* = Eligible for match for individuals residing in an IMD<\/p>","active":"1","created_at":"2018-11-03 15:13:11","updated_at":"2018-11-15 11:52:02","name":"Approved SUD","color":"#77c398","hover_color":"#77c398","state_name":"Illinois","medicad":[],"states":{"id":13,"name":"Illinois","abbreviation":"IL","active":"1","created_at":"2018-08-09 11:17:23","updated_at":null}},{"id":1,"title":"Approved Through 12\/2020","color_id":1,"states_id":14,"user_id":1,"description":"State has approved SUD waiver(s)","first_heading":"Healthy Indiana Plan","second_heading":null,"state_content":"<p>^ = Only covered under demonstration<br \/>\r\n* = Eligible for match for individuals residing in an IMD<\/p>","active":"1","created_at":"2018-11-03 15:28:08","updated_at":"2018-11-15 11:53:08","name":"Approved SUD","color":"#77c398","hover_color":"#77c398","state_name":"Indiana","medicad":[],"states":{"id":14,"name":"Indiana","abbreviation":"IN","active":"1","created_at":"2018-08-09 11:17:39","updated_at":null}},{"id":1,"title":"Approved Through 12\/2021","color_id":1,"states_id":45,"user_id":1,"description":"State has approved SUD waiver(s)","first_heading":"Vermont Global Commitment to Health Demonstration","second_heading":null,"state_content":"<p>^ = Only covered under demonstration<br \/>\r\n* = Eligible for match for individuals residing in an IMD<\/p>","active":"1","created_at":"2018-11-03 15:28:14","updated_at":"2018-11-15 11:53:39","name":"Approved SUD","color":"#77c398","hover_color":"#77c398","state_name":"Vermont","medicad":[],"states":{"id":45,"name":"Vermont","abbreviation":"VT","active":"1","created_at":"2018-08-09 11:26:01","updated_at":null}},{"id":1,"title":"Approved Through 6\/2022","color_id":1,"states_id":44,"user_id":1,"description":"State has approved SUD waiver(s)","first_heading":"Primary Care Network Demonstration","second_heading":null,"state_content":"<p>^ = Only covered under demonstration<br \/>\r\n* = Eligible for match for individuals residing in an IMD<\/p>","active":"1","created_at":"2018-11-03 15:43:31","updated_at":"2018-11-15 11:54:10","name":"Approved SUD","color":"#77c398","hover_color":"#77c398","state_name":"Utah","medicad":[],"states":{"id":44,"name":"Utah","abbreviation":"UT","active":"1","created_at":"2018-08-09 11:25:51","updated_at":null}},{"id":1,"title":"Approved Through 12\/2023","color_id":1,"states_id":16,"user_id":1,"description":"State has approved SUD waiver(s)","first_heading":"KanCare 2.0","second_heading":null,"state_content":"<p>^ = Only covered under demonstration<br \/>\r\n* = Eligible for match for individuals residing in an IMD<\/p>","active":"1","created_at":"2018-11-03 15:47:03","updated_at":"2019-05-30 07:08:18","name":"Approved SUD","color":"#77c398","hover_color":"#77c398","state_name":"Kansas","medicad":[],"states":{"id":16,"name":"Kansas","abbreviation":"KS","active":"1","created_at":"2018-08-09 11:18:02","updated_at":null}},{"id":1,"title":"Approved Through 9\/2023","color_id":1,"states_id":17,"user_id":1,"description":"State has approved SUD waiver(s)","first_heading":"Kentucky Helping to Engage and Achieve Long Term Health (KY HEALTH)","second_heading":null,"state_content":"<p>^ = Only covered under demonstration<br \/>\r\n* = Eligible for match for individuals residing in an IMD<\/p>","active":"1","created_at":"2018-11-03 15:56:31","updated_at":"2018-11-15 12:00:38","name":"Approved SUD","color":"#77c398","hover_color":"#77c398","state_name":"Kentucky","medicad":[],"states":{"id":17,"name":"Kentucky","abbreviation":"KY","active":"1","created_at":"2018-08-09 11:18:13","updated_at":null}},{"id":1,"title":"Approved Through 12\/2023","color_id":1,"states_id":39,"user_id":1,"description":"State has approved SUD waiver(s)","first_heading":"Rhode Island Comprehensive Demonstration","second_heading":null,"state_content":"<p>^ = Only covered under demonstration<br \/>\r\n* = Eligible for match for individuals residing in an IMD<\/p>","active":"1","created_at":"2018-11-03 15:58:30","updated_at":"2019-05-30 09:04:14","name":"Approved SUD","color":"#77c398","hover_color":"#77c398","state_name":"Rhode Island","medicad":[],"states":{"id":39,"name":"Rhode Island","abbreviation":"RI","active":"1","created_at":"2018-08-09 11:22:44","updated_at":null}},{"id":1,"title":"Approved Through 12\/2022","color_id":1,"states_id":18,"user_id":1,"description":"State has approved SUD waiver(s)","first_heading":"Healthy Louisiana Opioid Use Disorder\/Substance Use Disorder","second_heading":null,"state_content":"<p>^ = Only covered under demonstration<br \/>\r\n* = Eligible for match for individuals residing in an IMD<\/p>","active":"1","created_at":"2018-11-03 16:02:46","updated_at":"2018-11-15 12:17:26","name":"Approved SUD","color":"#77c398","hover_color":"#77c398","state_name":"Louisiana","medicad":[],"states":{"id":18,"name":"Louisiana","abbreviation":"LA","active":"1","created_at":"2018-08-09 11:18:23","updated_at":null}},{"id":1,"title":"Approved Through 12\/2021","color_id":1,"states_id":20,"user_id":1,"description":"State has approved SUD waiver(s)","first_heading":"HealthChoice","second_heading":null,"state_content":"<p>^ = Only covered under demonstration<\/p>\r\n\r\n<p>* = Eligible for match for individuals residing in an IMD<\/p>","active":"1","created_at":"2018-11-03 16:10:06","updated_at":"2019-05-30 07:21:34","name":"Approved SUD","color":"#77c398","hover_color":"#77c398","state_name":"Maryland","medicad":[],"states":{"id":20,"name":"Maryland","abbreviation":"MD","active":"1","created_at":"2018-08-09 11:18:46","updated_at":null}},{"id":1,"title":"Approved Through 9\/2022","color_id":1,"states_id":38,"user_id":1,"description":"State has approved SUD waiver(s)","first_heading":"Pennsylvania Medicaid Coverage for Former Foster Care Youth From a Different State and SUD Demonstration","second_heading":null,"state_content":"<p>^ = Only covered under demonstration<br \/>\r\n* = Eligible for match for individuals residing in an IMD<\/p>","active":"1","created_at":"2018-11-03 16:17:49","updated_at":"2018-11-15 12:26:00","name":"Approved SUD","color":"#77c398","hover_color":"#77c398","state_name":"Pennsylvania","medicad":[],"states":{"id":38,"name":"Pennsylvania","abbreviation":"PA","active":"1","created_at":"2018-08-09 11:22:32","updated_at":null}},{"id":1,"title":"Approved Through 6\/2022","color_id":1,"states_id":21,"user_id":1,"description":"State has approved SUD waiver(s)","first_heading":"MassHealth","second_heading":null,"state_content":"<p>As part of its September 2017 waiver amendment request, the state requested waiver of the IMD exclusion for<br \/>\r\nSUD and MH without the existing limitations; CMS denied this request.<br \/>\r\n^ = Only covered under demonstration<br \/>\r\n* = Eligible for match for individuals residing in an IMD<\/p>","active":"1","created_at":"2018-11-03 16:18:12","updated_at":"2018-11-15 12:28:00","name":"Approved SUD","color":"#77c398","hover_color":"#77c398","state_name":"Massachusetts","medicad":[],"states":{"id":21,"name":"Massachusetts","abbreviation":"MA","active":"1","created_at":"2018-08-09 11:18:57","updated_at":null}},{"id":1,"title":"Approved Through 10\/2024","color_id":1,"states_id":33,"user_id":1,"description":"State has approved SUD waiver(s)","first_heading":"North Carolina Medicaid Reform Demonstration","second_heading":null,"state_content":"<p>CMS has not approved North Carolina&rsquo;s request for expenditure authority to provide funding to support BH I\/DD tailored plans, care management agencies, and providers in building capacity (e.g., IT and workforce) to implement BH and I\/DD focused health homes.<\/p>\r\n\r\n<p>^ = Only covered under demonstration<br \/>\r\n* = Eligible for match for individuals residing in an IMD<\/p>","active":"1","created_at":"2018-11-03 16:27:12","updated_at":"2019-05-30 08:53:59","name":"Approved SUD","color":"#77c398","hover_color":"#77c398","state_name":"North Carolina","medicad":[],"states":{"id":33,"name":"North Carolina","abbreviation":"NC","active":"1","created_at":"2018-08-09 11:21:36","updated_at":null}},{"id":2,"title":"Approved Through 3\/2021","color_id":2,"states_id":32,"user_id":1,"description":"State has approved SUD waiver(s) and pending SUD waiver request(s)","first_heading":"Medicaid Redesign Team Demonstration","second_heading":"Proposed Changes in Medicaid Redesign Team Demonstration Amendment","state_content":"<p>As part of its May 2017 waiver amendment request, the state requested to transition its 1915(c) waivers serving children into its 1115 waiver. CMS <a href=\"https:\/\/www.health.ny.gov\/health_care\/medicaid\/redesign\/behavioral_health\/children\/docs\/children_behavioral_health_system_transformation_update_july_2018.pdf\">denied <\/a>this request, and the 1915(c) waivers will operate concurrently with the 1115 demonstration.<br \/>\r\n^ = Only covered under demonstration<br \/>\r\n* = Eligible for match for individuals residing in an IMD<\/p>","active":"1","created_at":"2018-11-03 16:49:02","updated_at":"2019-05-30 08:42:11","name":"Approved SUD and pending waiver request","color":"#9dd8c5","hover_color":"#9dd8c5","state_name":"New York","medicad":[],"states":{"id":32,"name":"New York","abbreviation":"NY","active":"1","created_at":"2018-08-09 11:21:23","updated_at":null}},{"id":1,"title":"Approved Through 9\/2024","color_id":1,"states_id":22,"user_id":1,"description":"State has approved SUD waiver(s)","first_heading":"Pathway to Integration","second_heading":null,"state_content":"<p>At this time, CMS did not approve or deny Michigan&rsquo;s request to consolidate authority for its 1915(b) and 1915(c) waivers related to the delivery of BH and HCBS benefits into the 1115 demonstration. In addition, CMS did not approve or deny Michigan&rsquo;s request for expenditure authority to implement alternative payment methodologies that promote physical and BH integration between PIHPs providing BH services and MMC plans providing physical health, acute care and pharmacy services.<\/p>\r\n\r\n<p>^ = Only covered under demonstration<br \/>\r\n* = Eligible for match for individuals residing in an IMD<\/p>","active":"1","created_at":"2018-11-03 16:49:16","updated_at":"2019-05-30 07:30:34","name":"Approved SUD","color":"#77c398","hover_color":"#77c398","state_name":"Michigan","medicad":[],"states":{"id":22,"name":"Michigan","abbreviation":"MI","active":"1","created_at":"2018-08-09 11:19:10","updated_at":null}},{"id":3,"title":"Waiver Request Undergoing CMS Review","color_id":3,"states_id":23,"user_id":1,"description":"State has pending SUD waiver request(s)","first_heading":"Minnesota Substance Use Disorder System Reform 1115 Demonstration","second_heading":null,"state_content":"<p>^ = Only covered under demonstration<br \/>\r\n* = Eligible for match for individuals residing in an IMD<\/p>","active":"1","created_at":"2018-11-03 16:58:52","updated_at":"2018-11-15 12:33:05","name":"Pending waiver request","color":"#cdecec","hover_color":"#cdecec","state_name":"Minnesota","medicad":[],"states":{"id":23,"name":"Minnesota","abbreviation":"MN","active":"1","created_at":"2018-08-09 11:19:20","updated_at":null}},{"id":1,"title":"Approved Through 12\/2023","color_id":1,"states_id":31,"user_id":1,"description":"State has approved SUD waiver(s)","first_heading":"Centennial Care","second_heading":null,"state_content":"<p>In its waiver approval letter, CMS indicates that because it released an <a href=\"https:\/\/www.medicaid.gov\/federal-policy-guidance\/downloads\/smd18011.pdf\">SMD letter<\/a> permitting waivers of the IMD exclusion for individuals obtaining MH treatment shortly before the approval of this demonstration, it will &ldquo;continue discussing with New Mexico the state&rsquo;s request for flexibility for beneficiaries who require short-term BH crisis services&hellip;[and] if approved, CMS expects that additional flexibility in this area may be incorporated into the Centennial Care 2.0 demonstration in the future.&rdquo;<\/p>\r\n\r\n<p>^ = Only covered under demonstration<br \/>\r\n* = Eligible for match for individuals residing in an IMD<\/p>","active":"1","created_at":"2018-11-03 16:59:05","updated_at":"2019-05-30 08:38:41","name":"Approved SUD","color":"#77c398","hover_color":"#77c398","state_name":"New Mexico","medicad":[],"states":{"id":31,"name":"New Mexico","abbreviation":"NM","active":"1","created_at":"2018-08-09 11:21:11","updated_at":null}},{"id":1,"title":"Approved Through 12\/2022","color_id":1,"states_id":25,"user_id":1,"description":"State has approved SUD waiver(s)","first_heading":"Gateway to Better Health","second_heading":null,"state_content":"<p>^ = Only covered under demonstration<br \/>\r\n* = Eligible for match for individuals residing in an IMD<\/p>","active":"1","created_at":"2018-11-03 17:05:42","updated_at":"2019-05-30 07:36:17","name":"Approved SUD","color":"#77c398","hover_color":"#77c398","state_name":"Missouri","medicad":[],"states":{"id":25,"name":"Missouri","abbreviation":"MO","active":"1","created_at":"2018-08-09 11:19:41","updated_at":null}},{"id":1,"title":"Approved Through 6\/2022","color_id":1,"states_id":30,"user_id":1,"description":"State has approved SUD waiver(s)","first_heading":"FamilyCare Comprehensive Demonstration","second_heading":null,"state_content":"<p>New Jersey has not yet <a href=\"https:\/\/www.medicaid.gov\/Medicaid-CHIP-Program-Information\/By-Topics\/Waivers\/1115\/downloads\/nj\/Comprehensive-Waiver\/nj-1115-request-state-ext-app-030217.pdf\">transitioned <\/a>all populations and services to the ASO. As the state undertakes this transition, SUD <a href=\"http:\/\/assets.njspotlight.com\/assets\/16\/0516\/1937\">services <\/a>are <a href=\"http:\/\/www.state.nj.us\/humanservices\/dmhas\/information\/stakeholder\/Rate_Setting_Transition_Overview.pdf\">delivered <\/a>through either a cost reimbursement model or FFS.<br \/>\r\n^ = Only covered under demonstration<br \/>\r\n* = Eligible for match for individuals residing in an IMD<\/p>","active":"1","created_at":"2018-11-03 17:08:23","updated_at":"2019-05-30 07:56:08","name":"Approved SUD","color":"#77c398","hover_color":"#77c398","state_name":"New Jersey","medicad":[],"states":{"id":30,"name":"New Jersey","abbreviation":"NJ","active":"1","created_at":"2018-08-09 11:20:48","updated_at":null}},{"id":1,"title":"Approved Through 12\/2020","color_id":1,"states_id":29,"user_id":1,"description":"State has approved SUD waiver(s)","first_heading":"New Hampshire Building Capacity for Transformation","second_heading":"New Hampshire Substance Use Disorder Treatment and Recovery Access Section 1115 Research and Demonstration Waiver","state_content":"<p>^ = Only covered under demonstration<br \/>\r\n* = Eligible for match for individuals residing in an IMD<\/p>","active":"1","created_at":"2018-11-03 17:10:12","updated_at":"2019-05-30 07:55:18","name":"Approved SUD","color":"#77c398","hover_color":"#77c398","state_name":"New Hampshire","medicad":[],"states":{"id":29,"name":"New Hampshire","abbreviation":"NH","active":"1","created_at":"2018-08-09 11:20:37","updated_at":null}},{"id":1,"title":"Approved Through 12\/2022","color_id":1,"states_id":48,"user_id":1,"description":"State has approved SUD waiver(s)","first_heading":"Creating a Continuum of Care for Medicaid Enrollees With Substance Use Disorders","second_heading":null,"state_content":"<p>^ = Only covered under demonstration<br \/>\r\n* = Eligible for match for individuals residing in an IMD<\/p>","active":"1","created_at":"2019-05-22 05:13:47","updated_at":"2019-05-22 09:53:03","name":"Approved SUD","color":"#77c398","hover_color":"#77c398","state_name":"West Virginia","medicad":[],"states":{"id":48,"name":"West Virginia","abbreviation":"WV","active":"1","created_at":"2018-08-09 11:26:32","updated_at":null}},{"id":3,"title":"Waiver Request Undergoing CMS Review","color_id":3,"states_id":27,"user_id":1,"description":"State has pending SUD waiver request(s)","first_heading":"Nebraska Substance Use Disorder Section 1115 Demonstration","second_heading":null,"state_content":"<p>^ = Only covered under demonstration<\/p>\r\n\r\n<p>* = Eligible for match for individuals residing in an IMD<\/p>","active":"1","created_at":"2019-05-30 07:39:13","updated_at":"2019-05-30 07:39:13","name":"Pending waiver request","color":"#cdecec","hover_color":"#cdecec","state_name":"Nebraska","medicad":[],"states":{"id":27,"name":"Nebraska","abbreviation":"NE","active":"1","created_at":"2018-08-09 11:20:10","updated_at":null}},{"id":3,"title":"Waiver Request Undergoing CMS Review","color_id":3,"states_id":35,"user_id":1,"description":"State has pending SUD waiver request(s)","first_heading":"Section 1115 Substance Use Disorder Demonstration","second_heading":null,"state_content":"<p>^ = Only covered under demonstration<\/p>\r\n\r\n<p>* = Eligible for match for individuals residing in an IMD<\/p>","active":"1","created_at":"2019-05-30 08:58:07","updated_at":"2019-05-30 08:58:07","name":"Pending waiver request","color":"#cdecec","hover_color":"#cdecec","state_name":"Ohio","medicad":[],"states":{"id":35,"name":"Ohio","abbreviation":"OH","active":"1","created_at":"2018-08-09 11:21:58","updated_at":null}},{"id":1,"title":"Approved Through 12\/2023","color_id":1,"states_id":49,"user_id":1,"description":"State has approved SUD waiver(s)","first_heading":"BadgerCare Reform","second_heading":null,"state_content":"<p>CMS rejected Wisconsin&rsquo;s request to require as a condition of eligibility that individuals complete an annual drug use screening. Wisconsin requested that individuals with a positive screening who did not indicate a willingness to enter SUD treatment be required to complete a drug test, and individuals with a positive drug test be required to complete SUD treatment. In addition, Wisconsin requested that failure to complete drug screening, a drug test, or SUD treatment result in disenrollment, and individuals be required to consent to drug treatment before re-enrolling. Individuals who indicated a willingness to obtain SUD treatment would not have been required to complete drug screening as a condition of eligibility.<\/p>\r\n\r\n<p>Wisconsin is in the midst of transitioning to managed care a subset of enrollees eligible for Medicaid on the basis of receiving SSI.<\/p>\r\n\r\n<p>^ = Only covered under demonstration<\/p>\r\n\r\n<p>* = Eligible for match for individuals residing in an IMD<\/p>","active":"1","created_at":"2019-05-30 09:44:48","updated_at":"2019-05-30 09:44:48","name":"Approved SUD","color":"#77c398","hover_color":"#77c398","state_name":"Wisconsin","medicad":[],"states":{"id":49,"name":"Wisconsin","abbreviation":"WI","active":"1","created_at":"2018-08-09 11:26:42","updated_at":null}}]