[{"id":1,"name":"Alabama","abbreviation":"AL","active":"1","created_at":"2018-08-09 05:44:52","updated_at":null,"available":"0"},{"id":2,"name":"Alaska","abbreviation":"AK","active":"1","created_at":"2018-08-09 05:45:13","updated_at":null,"available":"1"},{"id":3,"name":"Arizona","abbreviation":"AZ","active":"1","created_at":"2018-08-09 05:45:24","updated_at":null,"available":"1"},{"id":4,"name":"Arkansas","abbreviation":"AR","active":"1","created_at":"2018-08-09 05:45:38","updated_at":null,"available":"0"},{"id":5,"name":"California","abbreviation":"CA","active":"1","created_at":"2018-08-09 05:45:49","updated_at":null,"available":"1"},{"id":6,"name":"Colorado","abbreviation":"CO","active":"1","created_at":"2018-08-09 05:45:59","updated_at":null,"available":"0"},{"id":7,"name":"Connecticut","abbreviation":"CT","active":"1","created_at":"2018-08-09 05:46:11","updated_at":null,"available":"0"},{"id":8,"name":"Delaware","abbreviation":"DE","active":"1","created_at":"2018-08-09 05:46:22","updated_at":null,"available":"1"},{"id":9,"name":"Florida","abbreviation":"FL","active":"1","created_at":"2018-08-09 05:46:33","updated_at":null,"available":"1"},{"id":10,"name":"Georgia","abbreviation":"GA","active":"1","created_at":"2018-08-09 05:46:45","updated_at":null,"available":"0"},{"id":11,"name":"Hawaii","abbreviation":"HI","active":"1","created_at":"2018-08-09 05:46:57","updated_at":null,"available":"1"},{"id":12,"name":"Idaho","abbreviation":"ID","active":"1","created_at":"2018-08-09 05:47:10","updated_at":null,"available":"0"},{"id":13,"name":"Illinois","abbreviation":"IL","active":"1","created_at":"2018-08-09 05:47:23","updated_at":null,"available":"1"},{"id":14,"name":"Indiana","abbreviation":"IN","active":"1","created_at":"2018-08-09 05:47:39","updated_at":null,"available":"1"},{"id":15,"name":"Iowa","abbreviation":"IA","active":"1","created_at":"2018-08-09 05:47:49","updated_at":null,"available":"0"},{"id":16,"name":"Kansas","abbreviation":"KS","active":"1","created_at":"2018-08-09 05:48:02","updated_at":null,"available":"1"},{"id":17,"name":"Kentucky","abbreviation":"KY","active":"1","created_at":"2018-08-09 05:48:13","updated_at":null,"available":"1"},{"id":18,"name":"Louisiana","abbreviation":"LA","active":"1","created_at":"2018-08-09 05:48:23","updated_at":null,"available":"1"},{"id":19,"name":"Maine","abbreviation":"ME","active":"1","created_at":"2018-08-09 05:48:35","updated_at":null,"available":"0"},{"id":20,"name":"Maryland","abbreviation":"MD","active":"1","created_at":"2018-08-09 05:48:46","updated_at":null,"available":"1"},{"id":21,"name":"Massachusetts","abbreviation":"MA","active":"1","created_at":"2018-08-09 05:48:57","updated_at":null,"available":"1"},{"id":22,"name":"Michigan","abbreviation":"MI","active":"1","created_at":"2018-08-09 05:49:10","updated_at":null,"available":"1"},{"id":23,"name":"Minnesota","abbreviation":"MN","active":"1","created_at":"2018-08-09 05:49:20","updated_at":null,"available":"1"},{"id":24,"name":"Mississippi","abbreviation":"MS","active":"1","created_at":"2018-08-09 05:49:31","updated_at":null,"available":"0"},{"id":25,"name":"Missouri","abbreviation":"MO","active":"1","created_at":"2018-08-09 05:49:41","updated_at":null,"available":"1"},{"id":26,"name":"Montana","abbreviation":"MT","active":"1","created_at":"2018-08-09 05:49:59","updated_at":null,"available":"0"},{"id":27,"name":"Nebraska","abbreviation":"NE","active":"1","created_at":"2018-08-09 05:50:10","updated_at":null,"available":"0"},{"id":28,"name":"Nevada","abbreviation":"NV","active":"1","created_at":"2018-08-09 05:50:22","updated_at":null,"available":"0"},{"id":29,"name":"New Hampshire","abbreviation":"NH","active":"1","created_at":"2018-08-09 05:50:37","updated_at":null,"available":"1"},{"id":30,"name":"New Jersey","abbreviation":"NJ","active":"1","created_at":"2018-08-09 05:50:48","updated_at":null,"available":"1"},{"id":31,"name":"New Mexico","abbreviation":"NM","active":"1","created_at":"2018-08-09 05:51:11","updated_at":null,"available":"1"},{"id":32,"name":"New York","abbreviation":"NY","active":"1","created_at":"2018-08-09 05:51:23","updated_at":null,"available":"1"},{"id":33,"name":"North Carolina","abbreviation":"NC","active":"1","created_at":"2018-08-09 05:51:36","updated_at":null,"available":"1"},{"id":34,"name":"North Dakota","abbreviation":"ND","active":"1","created_at":"2018-08-09 05:51:47","updated_at":null,"available":"0"},{"id":35,"name":"Ohio","abbreviation":"OH","active":"1","created_at":"2018-08-09 05:51:58","updated_at":null,"available":"0"},{"id":36,"name":"Oklahoma","abbreviation":"OK","active":"1","created_at":"2018-08-09 05:52:10","updated_at":null,"available":"0"},{"id":37,"name":"Oregon","abbreviation":"OR","active":"1","created_at":"2018-08-09 05:52:20","updated_at":null,"available":"0"},{"id":38,"name":"Pennsylvania","abbreviation":"PA","active":"1","created_at":"2018-08-09 05:52:32","updated_at":null,"available":"1"},{"id":39,"name":"Rhode Island","abbreviation":"RI","active":"1","created_at":"2018-08-09 05:52:44","updated_at":null,"available":"1"},{"id":40,"name":"South Carolina","abbreviation":"SC","active":"1","created_at":"2018-08-09 05:55:09","updated_at":null,"available":"0"},{"id":41,"name":"South Dakota","abbreviation":"SD","active":"1","created_at":"2018-08-09 05:55:20","updated_at":null,"available":"0"},{"id":42,"name":"Tennessee","abbreviation":"TN","active":"1","created_at":"2018-08-09 05:55:31","updated_at":null,"available":"1"},{"id":43,"name":"Texas","abbreviation":"TX","active":"1","created_at":"2018-08-09 05:55:41","updated_at":null,"available":"0"},{"id":44,"name":"Utah","abbreviation":"UT","active":"1","created_at":"2018-08-09 05:55:51","updated_at":null,"available":"1"},{"id":45,"name":"Vermont","abbreviation":"VT","active":"1","created_at":"2018-08-09 05:56:01","updated_at":null,"available":"1"},{"id":46,"name":"Virginia","abbreviation":"VA","active":"1","created_at":"2018-08-09 05:56:11","updated_at":null,"available":"1"},{"id":47,"name":"Washington","abbreviation":"WA","active":"1","created_at":"2018-08-09 05:56:22","updated_at":null,"available":"1"},{"id":48,"name":"West Virginia","abbreviation":"WV","active":"1","created_at":"2018-08-09 05:56:32","updated_at":null,"available":"0"},{"id":49,"name":"Wisconsin","abbreviation":"WI","active":"1","created_at":"2018-08-09 05:56:42","updated_at":null,"available":"0"},{"id":50,"name":"Wyoming","abbreviation":"WY","active":"1","created_at":"2018-08-09 05:56:52","updated_at":null,"available":"0"}]