[{"id":1,"name":"Acute","description":"Contracts without BH or LTSS","color":"#76b7b2","hover_color":"#f28e2c","active":"1","created_at":"2019-05-16 10:54:06","updated_at":"2019-05-17 08:52:33"},{"id":2,"name":"BH","description":"Contracts with BH integrated","color":"#f28e2b","hover_color":"#f28e2c","active":"1","created_at":"2019-05-16 10:54:06","updated_at":"2019-05-17 08:58:31"},{"id":3,"name":"LTSS","description":"Contracts with LTSS integrated","color":"#e15759","hover_color":"#e15759","active":"1","created_at":"2019-05-16 11:37:50","updated_at":"2019-05-17 09:09:07"},{"id":5,"name":"CHIP","description":null,"color":"#4e79a7","hover_color":"#4e79a7","active":"1","created_at":"2019-05-18 11:40:09","updated_at":"2019-05-18 12:51:37"}]