{"status":"success","mc_data":[{"id":1,"name":"Arizona","abbreviation":"AZ","states_id":3,"category_id":"1,2","active":1,"type":"Comprehensive","program_name":"Complete Care","contract_start":"2018-09-30T18:30:00.000Z","contract_end":"2021-09-29T18:30:00.000Z","extension":"Two 2-yr extensions","reprocurement":"2021-2025","notes":"","links":"[{\"link\":\"Acute Care Contract\",\"url\":\"https:\\/\\/www.azahcccs.gov\\/Resources\\/OversightOfHealthPlans\\/SolicitationsAndContracts\\/contracts.html\"},{\"link\":\"State Procurement Page\",\"url\":\"https:\\/\\/www.azahcccs.gov\\/Resources\\/OversightOfHealthPlans\\/SolicitationsAndContracts\\/open.html\"},{\"link\":\"Additional Resource\",\"url\":\"https:\\/\\/www.azahcccs.gov\\/PlansProviders\\/HealthPlans\\/YH19-0001.html\"}]","created_at":"########","updated_at":"########","catname":"Acute,BH"},{"id":3,"name":"California","abbreviation":"CA","states_id":5,"category_id":1,"active":0,"type":"Comprehensive","program_name":"Regional/San Benito","contract_start":"Unclear","contract_end":"2023-12-30T18:30:00.000Z","extension":"Unclear","reprocurement":2020,"notes":"State RFP schedule notes new contract implementation date is January 2024. We are assuming these are the new contract start dates.","links":"[{\"link\":\"Acute Care Contract\",\"url\":\"\"},{\"link\":\"State Procurement Page\",\"url\":\"\"},{\"link\":\"Additional Resource\",\"url\":\"\"}]","created_at":"########","updated_at":"########","catname":"Acute"},{"id":2,"name":"California","abbreviation":"CA","states_id":5,"category_id":1,"active":0,"type":"Comprehensive","program_name":"Two-Plan Commercial/Geographic Managed Care/Imperial","contract_start":"Unclear","contract_end":"2022-12-30T18:30:00.000Z","extension":"Unclear","reprocurement":2020,"notes":"State RFP schedule notes new contract implementation date is January 2023. We are assuming these are the new contract start dates.","links":"[{\"link\":\"Acute Care Contract\",\"url\":\"http:\\/\\/www.dhcs.ca.gov\\/provgovpart\\/Pages\\/MMCDBoilerplateContracts.aspx\"},{\"link\":\"State Procurement Page\",\"url\":\"http:\\/\\/www.dhcs.ca.gov\\/provgovpart\\/rfa_rfp\\/Pages\\/OMCPmmcSchedule.aspx\"},{\"link\":\"Additional Resource\",\"url\":\"http:\\/\\/www.dhcs.ca.gov\\/provgovpart\\/rfa_rfp\\/Documents\\/MMCD_RFP_RFASchedule.pdf\"}]","created_at":"########","updated_at":"########","catname":"Acute"},{"id":5,"name":"Colorado","abbreviation":"CO","states_id":6,"category_id":1,"active":0,"type":"Comprehensive","program_name":"Denver Health Medicaid Choice","contract_start":"2016-06-30T18:30:00.000Z","contract_end":"2017-06-29T18:30:00.000Z","extension":"2-month extension and 1-yr extension","reprocurement":"Unclear","notes":"Program only for certain counties","links":"[{\"link\":\"Acute Care Contract\",\"url\":\"https:\\/\\/www.colorado.gov\\/pacific\\/hcpf\\/managed-care-contracts\"},{\"link\":\"State Procurement Page\",\"url\":\"https:\\/\\/codpa-vss.cloud.cgifederal.com\\/webapp\\/PRDVSS2X1\\/advantage\\/AMSImages\\/Empty.htm\"},{\"link\":\"Additional Resource\",\"url\":\"http:\\/\\/www.coloradobids.net\\/government-agencies\\/denver\\/colorado-dept.-of-health-care-policy-and-financing-221292\\/\"}]","created_at":"########","updated_at":"########","catname":"Acute"},{"id":4,"name":"Colorado","abbreviation":"CO","states_id":6,"category_id":1,"active":0,"type":"Comprehensive","program_name":"Regional Collaborative Care Organizations; Rocky Mountain Health Plan/Prime","contract_start":"2018-06-30T18:30:00.000Z","contract_end":"2019-06-29T18:30:00.000Z","extension":"1-yr extensions up to 7 years","reprocurement":"2019-2026","notes":"","links":"[{\"link\":\"Acute Care Contract\",\"url\":\"https:\\/\\/www.colorado.gov\\/pacific\\/sites\\/default\\/files\\/Rocky%20Mountain%20Health%20Plan%20%28Region%201%29_1.pdf\"},{\"link\":\"State Procurement Page\",\"url\":\"https:\\/\\/codpa-vss.cloud.cgifederal.com\\/webapp\\/PRDVSS2X1\\/advantage\\/AMSImages\\/Empty.htm\"}]","created_at":"########","updated_at":"########","catname":"Acute"},{"id":6,"name":"Delaware","abbreviation":"DE","states_id":8,"category_id":"1,2","active":1,"type":"Comprehensive","program_name":"Diamond State Health Plan","contract_start":"2017-12-31T18:30:00.000Z","contract_end":"########","extension":"Multiple extensions of partial or full years, up to 3 years extension total","reprocurement":"2019-2022","notes":"","links":"[{\"link\":\"Acute Care Contract\",\"url\":\"http:\\/\\/bidcondocs.delaware.gov\\/HSS\\/HSS_17028Dshp_attA.pdf\"},{\"link\":\"State Procurement Page\",\"url\":\"http:\\/\\/www.dhcs.ca.gov\\/provgovpart\\/rfa_rfp\\/Documents\\/MMCD_RFP_RFASchedule.pdf\"},{\"link\":\"Additional Resource\",\"url\":\"http:\\/\\/bids.delaware.gov\\/\"}]","created_at":"########","updated_at":"########","catname":"Acute,BH"},{"id":7,"name":"Florida","abbreviation":"FL","states_id":9,"category_id":"1,2","active":1,"type":"Comprehensive","program_name":"Managed Medical Assistance","contract_start":"########","contract_end":"########","extension":"No extension","reprocurement":2023,"notes":"Implementation of the new contracts occurred over a three-phased schedule, by region: Phase 1- December 1, 2018; Phase 2 - January 1, 2019; and Phase 3 - February 1, 2019.","links":"[{\"link\":\"Acute Care Contract\",\"url\":\"http:\\/\\/ahca.myflorida.com\\/Medicaid\\/statewide_mc\\/plans.shtml\"},{\"link\":\"Additional Resource 1\",\"url\":\"\"},{\"link\":\"Additional Resource 2\",\"url\":\"http:\\/\\/ahca.myflorida.com\\/medicaid\\/statewide_mc\\/pdf\\/Intent_To_Award_Webpost.pdf;http:\\/\\/health.wusf.usf.edu\\/post\\/judges-set-hear-medicaid-challenges#stream\\/0\"}]","created_at":"########","updated_at":"########","catname":"Acute,BH"},{"id":8,"name":"Georgia","abbreviation":"GA","states_id":10,"category_id":"1,2","active":1,"type":"Comprehensive","program_name":"GA Medicaid/Georgia Families","contract_start":"2016-06-30T18:30:00.000Z","contract_end":"########","extension":"Five 1-yr extensions; currently in 2nd extension.","reprocurement":"2019-2022","notes":"\\n\\n\\n","links":"[{\"link\":\"Acute Care Contract\",\"url\":\"https:\\/\\/www.gha.org\\/Portals\\/0\\/Documents\\/Health%20Care%20Finance\\/Medicaid\\/GA%20Families%202017%20Model%20Contract.pdf\"},{\"link\":\"State Procurement Page\",\"url\":\"https:\\/\\/dch.georgia.gov\\/dch-bid-opportunities-0\"}]","created_at":"########","updated_at":"########","catname":"Acute,BH"},{"id":9,"name":"Hawaii","abbreviation":"HI","states_id":11,"category_id":"1,3,2","active":1,"type":"Comprehensive","program_name":"QUEST Integration","contract_start":"2014-12-31T18:30:00.000Z","contract_end":"########","extension":"Four 1-yr extensions; currently in 2nd extension","reprocurement":2019,"notes":"RFI released September 20, 2018. RFP expected to be released in 2019 with new contracts to span January 2020 to December 2025.\\n","links":"[{\"link\":\"Acute Care Contract\",\"url\":\"https:\\/\\/healthinsights.manatt.com\\/Health-Insights\\/Premium-Insights\\/50-State-Survey\\/VBP\\/HAWAII\"},{\"link\":\"State Procurement Page\",\"url\":\"https:\\/\\/hands.ehawaii.gov\\/hands\\/opportunities\"},{\"link\":\"Additional Resoure\",\"url\":\"\"}]","created_at":"########","updated_at":"########","catname":"Acute,BH,LTSS"},{"id":10,"name":"Iowa","abbreviation":"IA","states_id":15,"category_id":"1,3,2","active":1,"type":"Comprehensive","program_name":"HealthLink updated ","contract_start":"2015-12-31T18:30:00.000Z","contract_end":"########","extension":"Two 1-yr extensions currently in first extension","reprocurement":"2019-2020","notes":"UnitedHealthcare will exit Iowa?s Medicaid managed care program as of July 1, 2019. Iowa plans to evenly distribute the state?s 600,000 Medicaid managed care beneficiaries across the two remaining insurers, Anthem/Amerigroup Iowa and Iowa Total Care (Centene). State is considering to release a RFP for a third managed care plan.","links":"[{\"link\":\"Acute Care Contract\",\"url\":\"https:\\/\\/dhs.iowa.gov\\/sites\\/default\\/files\\/AmeriGroup_Contract.pdf\"},{\"link\":\"State Procurement Page\",\"url\":\"https:\\/\\/bidopportunities.iowa.gov\\/\"}]","created_at":"########","updated_at":"########","catname":"Acute,BH,LTSS"},{"id":11,"name":"Illinois","abbreviation":"IL","states_id":13,"category_id":"1,3,2","active":1,"type":"Comprehensive","program_name":"HealthChoice","contract_start":"2017-12-31T18:30:00.000Z","contract_end":"########","extension":"4 yrs","reprocurement":"2021-2025","notes":"","links":"[{\"link\":\"Acute Care Contract\",\"url\":\"https:\\/\\/www.illinois.gov\\/hfs\\/SiteCollectionDocuments\\/201824001MCOModelContractRev3RedLine.pdf\"},{\"link\":\"State Procurement Page\",\"url\":\"https:\\/\\/www.illinois.gov\\/hfs\\/About\\/Pages\\/RequestforProposals.aspx\"},{\"link\":\"Additional Resource\",\"url\":\"https:\\/\\/www.illinois.gov\\/hfs\\/info\\/MedicaidManagedCareRFP\\/Pages\\/default.aspx\"}]","created_at":"########","updated_at":"########","catname":"Acute,BH,LTSS"},{"id":12,"name":"Indiana","abbreviation":"IN","states_id":14,"category_id":"1,2","active":1,"type":"Comprehensive","program_name":"Hoosier Healthwise/Healthy Indiana Plan","contract_start":"2016-12-31T18:30:00.000Z","contract_end":"########","extension":"Two 1-yr extensions","reprocurement":"2020-2022","notes":"","links":"[{\"link\":\"Acute Care Contract\",\"url\":\"https:\\/\\/healthinsights.manatt.com\\/Manatt\\/media\\/Media\\/Health%20Insights\\/PDFs\\/IN_HHW-SOW_RFP-16-035.PDF\"}]","created_at":"########","updated_at":"########","catname":"Acute,BH"},{"id":13,"name":"Kansas","abbreviation":"KS","states_id":16,"category_id":"1,3","active":1,"type":"Comprehensive","program_name":"KanCare","contract_start":"2018-12-31T18:30:00.000Z","contract_end":"########","extension":"None specified","reprocurement":2023,"notes":"","links":"[{\"link\":\"Acute Care Contract\",\"url\":\"https:\\/\\/admin.ks.gov\\/offices\\/procurement-and-contracts\\/kancare-award\"},{\"link\":\"State Procurement Page\",\"url\":\"https:\\/\\/admin.ks.gov\\/offices\\/procurement-and-contracts\\/bid-solicitations\\/\"},{\"link\":\"Additional Resource\",\"url\":\"https:\\/\\/admin.ks.gov\\/offices\\/procurement-and-contracts\\/kancare-award\"}]","created_at":"########","updated_at":"########","catname":"Acute,LTSS"},{"id":14,"name":"Louisiana","abbreviation":"LA","states_id":18,"category_id":"1,2","active":1,"type":"Comprehensive","program_name":"Healthy Louisiana","contract_start":"2015-01-31T18:30:00.000Z","contract_end":"########","extension":"2-yr extension; currently in extension","reprocurement":2019,"notes":"RFP released February 25, 2019. Proposals will be due April 29, 2019, with awards expected to be announced on June 28, 2019. Contracts will run from January 1, 2020 through December 31, 2022.","links":"[{\"link\":\"Acute Care Contract\",\"url\":\"http:\\/\\/ldh.la.gov\\/assets\\/docs\\/BayouHealth\\/Contract_Amendments\\/2015Contracts\\/Amd11ABH.pdf\"},{\"link\":\"State Procurement Page\",\"url\":\"http:\\/\\/ldh.la.gov\\/index.cfm\\/newsroom\\/category\\/47\"},{\"link\":\"Additional Resource\",\"url\":\"http:\\/\\/ldh.la.gov\\/assets\\/docs\\/BayouHealth\\/JLCB\\/FactSheetforMCOContractsExtensionUPDATED102317.pdf\"}]","created_at":"########","updated_at":"########","catname":"Acute,BH"},{"id":15,"name":"Maryland","abbreviation":"MD","states_id":20,"category_id":1,"active":0,"type":"Comprehensive","program_name":"HealthChoice","contract_start":"2017-12-31T18:30:00.000Z","contract_end":"########","extension":"Unclear","reprocurement":"Unclear","notes":"Does not engage in RFP process","links":"[]","created_at":"########","updated_at":"########","catname":"Acute"},{"id":16,"name":"Michigan","abbreviation":"MI","states_id":22,"category_id":1,"active":0,"type":"Comprehensive","program_name":"HealthyMichigan","contract_start":"2015-12-31T18:30:00.000Z","contract_end":"########","extension":"Three 1-yr extensions","reprocurement":"2020-2023","notes":"","links":"[{\"link\":\"Acute Care Contract\",\"url\":\"https:\\/\\/www.michigan.gov\\/documents\\/contract_7696_7.pdf\"},{\"link\":\"State Procurement Page\",\"url\":\"DTMB - Contract Connect\"}]","created_at":"########","updated_at":"########","catname":"Acute"},{"id":17,"name":"Minnesota","abbreviation":"MN","states_id":23,"category_id":"1,2","active":1,"type":"Comprehensive","program_name":"Minnesota Care/Families and Children Medical Assistance","contract_start":"2016-12-31T18:30:00.000Z","contract_end":"########","extension":"1-yr extensions - auto renew; currently in extension","reprocurement":2019,"notes":"RFP released February 25, 2019. Proposals due May 17, 2019 and awards are expected to be announced July 19, 2019. Contracts are expected to run from January 1, 2020 through December 31, 2020, with up to five optional years.\\n","links":"[{\"link\":\"Acute Care Contract\",\"url\":\"https:\\/\\/mn.gov\\/dhs\\/partners-and-providers\\/news-initiatives-reports-workgroups\\/minnesota-health-care-programs\\/managed-care-reporting\\/contracts.jsp\"},{\"link\":\"State Procurement Page\",\"url\":\"https:\\/\\/mn.gov\\/dhs\\/partners-and-providers\\/grants-rfps\\/open-rfps\\/\"},{\"link\":\"Additional Resource\",\"url\":\"\"}]","created_at":"########","updated_at":"########","catname":"Acute,BH"},{"id":18,"name":"Missouri","abbreviation":"MO","states_id":25,"category_id":"1,2","active":1,"type":"Comprehensive","program_name":"MO HealthNet","contract_start":"2017-04-30T18:30:00.000Z","contract_end":"########","extension":"Four 1-yr extensions; currently in 1st extension","reprocurement":"2019-2022","notes":"\\n\\n","links":"[{\"link\":\"Acute Care Contract\",\"url\":\"https:\\/\\/dss.mo.gov\\/business-processes\\/managed-care-2017\\/managed-care-addendum-5-effective-may-1-2017.docx\"},{\"link\":\"State Procurement Page\",\"url\":\"https:\\/\\/dss.mo.gov\\/business-processes\\/managed-care\\/\"},{\"link\":\"Additional Resource 1\",\"url\":\"https:\\/\\/missouribuys.mo.gov\\/; https:\\/\\/oa.mo.gov\\/purchasing\\/bidding-contracts\\/agency-bid-proposal-sites\"}]","created_at":"########","updated_at":"########","catname":"Acute,BH"},{"id":19,"name":"Mississippi","abbreviation":"MS","states_id":24,"category_id":"1,2","active":1,"type":"Comprehensive","program_name":"MississippiCAN","contract_start":"2016-12-31T18:30:00.000Z","contract_end":"########","extension":"Two 1-yr extensions","reprocurement":"2020-2022","notes":"\\n\\n","links":"[{\"link\":\"Acute Care Contract\",\"url\":\"https:\\/\\/medicaid.ms.gov\\/wp-content\\/uploads\\/2017\\/02\\/RFP-20170203_CCO-Model-Contract.pdf\"},{\"link\":\"State Procurement Page\",\"url\":\"https:\\/\\/medicaid.ms.gov\\/resources\\/procurement\\/\"},{\"link\":\"Additional Resource\",\"url\":\"https:\\/\\/www.ms.gov\\/dfa\\/contract_bid_search\\/Bid\"}]","created_at":"########","updated_at":"########","catname":"Acute,BH"},{"id":20,"name":"North Carolina","abbreviation":"NC","states_id":33,"category_id":"1,2,3","active":1,"type":"Comprehensive","program_name":"NC Medicaid Managed Care","contract_start":"########","contract_end":"########","extension":"Unclear","reprocurement":2022,"notes":"Awards for Standard Plans announced February 4, 2019. Standard Plans will launch in two phases: 27 counties will launch in November 2019 and the remaining counties will launch in February 2020. Tailored Plans, designed for certain populations with more specialized behavioral health needs and intellectual/developmental disabilities will be procured later.","links":"[{\"link\":\"State Procurement Page\",\"url\":\"N\\/A\"},{\"link\":\"Additional Resource 1\",\"url\":\"https:\\/\\/www.ips.state.nc.us\\/IPS\\/BidList.aspx?x=3+l\\/X3b+Z6HYVoph\\/c173XHOTyfN7cdLMvaxaYthak\\/EJIize8br49LFqHF7PRYyCuXzbv2JFMKI0WB3FrUiNg==\"},{\"link\":\"Additional Resource 2\",\"url\":\"\"}]","created_at":"########","updated_at":"########","catname":"Acute,BH,LTSS"},{"id":21,"name":"North Dakota","abbreviation":"ND","states_id":34,"category_id":"1,2","active":1,"type":"Comprehensive","program_name":"ND Medicaid expansion","contract_start":"Unclear","contract_end":"Unclear","extension":"Unclear","reprocurement":"Unclear","notes":"Small program-approximately 21,000 enrollees","links":"[{\"link\":\"State Procurement Page\",\"url\":\"Not publicly available\"},{\"link\":\"Additional Resource\",\"url\":\"https:\\/\\/apps.nd.gov\\/csd\\/spo\\/services\\/bidder\\/main.htm\"}]","created_at":"########","updated_at":"########","catname":"Acute,BH"},{"id":22,"name":"Nebraska","abbreviation":"NE","states_id":27,"category_id":"1,2","active":1,"type":"Comprehensive","program_name":"Heritage Health","contract_start":"2016-12-31T18:30:00.000Z","contract_end":"########","extension":"Two 1-yr extensions","reprocurement":"2022-2024","notes":"\\n\\n","links":"[{\"link\":\"Acute Care Contract\",\"url\":\"http:\\/\\/das.nebraska.gov\\/materiel\\/purchasing\\/contracts\\/pdfs\\/71165%28o4%29awd.pdf\"},{\"link\":\"State Procurement Page\",\"url\":\"http:\\/\\/das.nebraska.gov\\/materiel\\/purchase_bureau\\/vendor\\/services-rfp.html\"}]","created_at":"########","updated_at":"########","catname":"Acute,BH"},{"id":23,"name":"New Hampshire","abbreviation":"NH","states_id":29,"category_id":"1,2","active":1,"type":"Comprehensive","program_name":"NH Medicaid Care Management","contract_start":"2019-06-30T18:30:00.000Z","contract_end":"########","extension":"Unclear","reprocurement":2024,"notes":"Awards announced February 5, 2019. Contracts will span July 1, 2019 through June 30, 2024. \\n\\n","links":"[{\"link\":\"Acute Care Contract\",\"url\":\"https:\\/\\/www.dhhs.nh.gov\\/ombp\\/caremgt\\/documents\\/medicaidmanagedcarecontract.pdf\"},{\"link\":\"State Procurement Page\",\"url\":\"https:\\/\\/www.dhhs.nh.gov\\/business\\/rfp\\/index.htm\"},{\"link\":\"Additional Resource\",\"url\":\"\"}]","created_at":"########","updated_at":"########","catname":"Acute,BH"},{"id":24,"name":"New Jersey","abbreviation":"NJ","states_id":30,"category_id":"1,3,2,5","active":1,"type":"Comprehensive","program_name":"NJ Family Care","contract_start":"########","contract_end":"Unclear","extension":"1-yr extensions (no limit)","reprocurement":"Unclear","notes":"\\n\\n","links":"[{\"link\":\"Acute Care Contract\",\"url\":\"https:\\/\\/www.state.nj.us\\/humanservices\\/dmahs\\/info\\/resources\\/care\\/hmo-contract.pdf\"},{\"link\":\"State Procurement Page\",\"url\":\"http:\\/\\/www.state.nj.us\\/humanservices\\/providers\\/grants\\/rfprfi\\/\"},{\"link\":\"Additional Resource\",\"url\":\"https:\\/\\/www.njstart.gov\\/bso\\/external\\/publicBids.sdo\"}]","created_at":"########","updated_at":"########","catname":"Acute,BH,LTSS,CHIP"},{"id":25,"name":"New Mexico","abbreviation":"NM","states_id":31,"category_id":"1,3,2","active":1,"type":"Comprehensive","program_name":"Centennial Care 2.0","contract_start":"########","contract_end":"########","extension":"Eight 1-yr extensions","reprocurement":"2022-2030","notes":"","links":"[{\"link\":\"Acute Care Contract\",\"url\":\"http:\\/\\/www.hsd.state.nm.us\\/uploads\\/FileLinks\\/c06b4701fbc84ea3938e646301d8c950\\/Amended_Version__RFP_A2__RFP_Sample_Contract.pdf\"},{\"link\":\"State Procurement Page\",\"url\":\"http:\\/\\/www.hsd.state.nm.us\\/LookingForInformation\\/open-rfps.aspx\"}]","created_at":"########","updated_at":"########","catname":"Acute,BH,LTSS"},{"id":26,"name":"Nevada","abbreviation":"NV","states_id":28,"category_id":"1,2","active":1,"type":"Comprehensive","program_name":"","contract_start":"2017-05-31T18:30:00.000Z","contract_end":"########","extension":"Two 1-yr extensions","reprocurement":"2021-2023","notes":"\\n\\n","links":"[{\"link\":\"State Procurement Page\",\"url\":\"Not publicly available\"}]","created_at":"########","updated_at":"########","catname":"Acute,BH"},{"id":27,"name":"New York","abbreviation":"NY","states_id":32,"category_id":"1,2","active":1,"type":"Comprehensive","program_name":"Medicaid Managed Care","contract_start":"2015-02-28T18:30:00.000Z","contract_end":"########","extension":"Unclear","reprocurement":2019,"notes":"Does not engage in RFP process\\n\\n","links":"[{\"link\":\"Acute Care Contract\",\"url\":\"https:\\/\\/www.health.ny.gov\\/health_care\\/managed_care\\/docs\\/medicaid_managed_care_fhp_hiv-snp_model_contract.pdf\"}]","created_at":"########","updated_at":"########","catname":"Acute,BH"},{"id":28,"name":"Ohio","abbreviation":"OH","states_id":35,"category_id":1,"active":0,"type":"Comprehensive","program_name":"Medicaid","contract_start":"2018-06-30T18:30:00.000Z","contract_end":"########","extension":"Unclear","reprocurement":2019,"notes":"RFI expected Spring 2019","links":"[{\"link\":\"Acute Care Contract\",\"url\":\"https:\\/\\/www.tn.gov\\/content\\/dam\\/tn\\/tenncare\\/documents\\/MCOStatewideContract.pdf\"},{\"link\":\"State Procurement Page\",\"url\":\"https:\\/\\/procure.ohio.gov\\/proc\\/searchProcOpps.asp\"},{\"link\":\"Additional Resource\",\"url\":\"\"}]","created_at":"########","updated_at":"########","catname":"Acute"},{"id":29,"name":"Oregon","abbreviation":"OR","states_id":37,"category_id":"1,2","active":1,"type":"Comprehensive","program_name":"OR Health Plan/CCO","contract_start":"2016-12-31T18:30:00.000Z","contract_end":"########","extension":"Unclear","reprocurement":2019,"notes":"Re-procurement in-progress. RFA issued January 25, 2019 and applications due in April 22, 2019. Awards expected to be announced July 9, 2019. New contracts will span January 1, 2020, through December 31, 2024.","links":"[{\"link\":\"Acute Care Contract\",\"url\":\"https:\\/\\/healthinsights.manatt.com\\/Manatt\\/media\\/Media\\/Health%20Insights\\/PDFs\\/OR_MCO-Contract_January-1-2017_1.PDF\"},{\"link\":\"State Procurement Page\",\"url\":\"http:\\/\\/orpin.oregon.gov\\/open.dll\\/\"}]","created_at":"########","updated_at":"########","catname":"Acute,BH"},{"id":30,"name":"Pennsylvania","abbreviation":"PA","states_id":38,"category_id":1,"active":0,"type":"Comprehensive","program_name":"HealthChoices","contract_start":"2018-12-31T18:30:00.000Z","contract_end":"Unclear","extension":"Unclear","reprocurement":"Unclear","notes":"In April 2018, a state court ruled in favor of insurers that challenged the process for awarding contracts, which could mean the state has to start reprocurement over again. Status of re-procurement unclear.","links":"[{\"link\":\"Acute Care Contract\",\"url\":\"http:\\/\\/www.dhs.pa.gov\\/cs\\/groups\\/webcontent\\/documents\\/document\\/p_040149.pdf\"},{\"link\":\"State Procurement Page\",\"url\":\"http:\\/\\/www.emarketplace.state.pa.us\\/\"},{\"link\":\"Additional Resource\",\"url\":\"\"}]","created_at":"########","updated_at":"########","catname":"Acute"},{"id":31,"name":"Rhode Island","abbreviation":"RI","states_id":39,"category_id":"1,2","active":1,"type":"Comprehensive","program_name":"Medicaid","contract_start":"2017-01-31T18:30:00.000Z","contract_end":"########","extension":"Five 1-yr extensions","reprocurement":"2022-2027","notes":"","links":"[{\"link\":\"Acute Care Contract\",\"url\":\"Not publicly available\"},{\"link\":\"State Procurement Page\",\"url\":\"http:\\/\\/www.purchasing.ri.gov\\/bidding\\/BidSearch.aspx\"}]","created_at":"########","updated_at":"########","catname":"Acute,BH"},{"id":32,"name":"South Carolina","abbreviation":"SC","states_id":40,"category_id":"1,2","active":1,"type":"Comprehensive","program_name":"SC HealthyConnections","contract_start":"2018-06-30T18:30:00.000Z","contract_end":"########","extension":"Unclear","reprocurement":2021,"notes":"\\n\\n","links":"[{\"link\":\"Acute Care Contract\",\"url\":\"https:\\/\\/msp.scdhhs.gov\\/managedcare\\/sites\\/default\\/files\\/2016%20MCO%20Amendment%205%20-%20Risk%20and%20Minor%20Changes.pdf\"},{\"link\":\"State Procurement Page\",\"url\":\"https:\\/\\/procurement.sc.gov\\/vendor\\/contract-opps\"},{\"link\":\"Additional Resource\",\"url\":\"\"}]","created_at":"########","updated_at":"########","catname":"Acute,BH"},{"id":33,"name":"Tennessee","abbreviation":"TN","states_id":42,"category_id":"1,2","active":1,"type":"Comprehensive","program_name":"TennCare; TennCare Choices","contract_start":"2013-12-31T18:30:00.000Z","contract_end":"########","extension":"Eight 1-yr extensions","reprocurement":"2019-2027","notes":"","links":"[{\"link\":\"Acute Care Contract\",\"url\":\"https:\\/\\/www.tn.gov\\/content\\/dam\\/tn\\/tenncare\\/documents\\/MCOStatewideContract.pdf\"},{\"link\":\"State Procurement Page\",\"url\":\"https:\\/\\/www.tn.gov\\/generalservices\\/procurement\\/central-procurement-office--cpo-\\/supplier-information-\\/request-for-proposals--rfp--opportunities.html\"}]","created_at":"########","updated_at":"########","catname":"Acute,BH"},{"id":34,"name":"Texas","abbreviation":"TX","states_id":43,"category_id":"1,2","active":1,"type":"Comprehensive","program_name":"STAR","contract_start":"2015-02-28T18:30:00.000Z","contract_end":"########","extension":"Extension not to exceed a total of 8 operational years","reprocurement":"2019-2024","notes":"To renew contracts, the state issued a solicitation for bids on January 29, 2018; state cancelled solicitation in October 2018 after finding problems with bids. As of November 2018, procurement in-progress, state is evaluating MCO proposals. Anticipated contract start of August 30, 2019 and operational start of September 1, 2020.","links":"[{\"link\":\"Acute Care Contract\",\"url\":\"https:\\/\\/hhs.texas.gov\\/sites\\/default\\/files\\/documents\\/services\\/health\\/medicaid-chip\\/programs\\/contracts\\/uniform-managed-care-contract.pdf\"},{\"link\":\"State Procurement Page 1\",\"url\":\"http:\\/\\/www.txsmartbuy.com\\/; http:\\/\\/www.txsmartbuy.com\\/sp\\/HHS0000636%20DRAFT;\\nhttp:\\/\\/www.texasbids.net\\/government-agencies\\/travis\\/texas-health-and-human-services-commission-procurement--contracting-services-938509\\/8386490-star-and-chip-managed-care-services-draft.html\"},{\"link\":\"State Procurement Page 2\",\"url\":\"https:\\/\\/hhs.texas.gov\\/doing-business-hhs\\/business-contracting-opportunities\"}]","created_at":"########","updated_at":"########","catname":"Acute,BH"},{"id":35,"name":"Utah","abbreviation":"UT","states_id":44,"category_id":1,"active":0,"type":"Comprehensive","program_name":"ACO","contract_start":"2014-06-30T18:30:00.000Z","contract_end":"########","extension":"None specified","reprocurement":"Unclear","notes":"\\n\\n\\n","links":"[{\"link\":\"Acute Care Contract\",\"url\":\"https:\\/\\/sites.google.com\\/a\\/utah.gov\\/cqm\\/aco-model-contract\"},{\"link\":\"State Procurement Page\",\"url\":\"http:\\/\\/bids.sciquest.com\\/apps\\/Router\\/PublicEvent?CustomerOrg=StateOfUtah\"}]","created_at":"########","updated_at":"########","catname":"Acute"},{"id":36,"name":"Virginia","abbreviation":"VA","states_id":46,"category_id":"1,2,5","active":1,"type":"Comprehensive","program_name":"Medallion 4.0","contract_start":"2018-12-31T18:30:00.000Z","contract_end":"########","extension":"Six 1-yr extensions","reprocurement":"2019-2025","notes":"","links":"[{\"link\":\"Acute Care Contract\",\"url\":\"https:\\/\\/healthinsights.manatt.com\\/Manatt\\/media\\/Media\\/Health%20Insights\\/PDFs\\/VA_CCC-Plus-Contract_-August-2017-Revised.PDF\"},{\"link\":\"State Procurement Page\",\"url\":\"http:\\/\\/www.dmas.virginia.gov\\/Content_pgs\\/rfp.aspx\"},{\"link\":\"Additional Resource\",\"url\":\"http:\\/\\/www.dmas.virginia.gov\\/Content_pgs\\/medallion_4-home.aspx\"}]","created_at":"########","updated_at":"########","catname":"Acute,BH,CHIP"},{"id":38,"name":"Washington","abbreviation":"WA","states_id":47,"category_id":"1,2","active":1,"type":"Comprehensive","program_name":"FIMC - Implementing 2020","contract_start":"2019-12-31T18:30:00.000Z","contract_end":"########","extension":"Two 1-yr extensions","reprocurement":"2020-2022","notes":"","links":"[{\"link\":\"Acute Care Contract\",\"url\":\"https:\\/\\/www.hca.wa.gov\\/assets\\/billers-and-providers\\/ipbh_fullyintegratedcare_medicaid.pdf\"},{\"link\":\"State Procurement Page\",\"url\":\"https:\\/\\/www.hca.wa.gov\\/about-hca\\/bids-and-contracts\"},{\"link\":\"Additional Resource\",\"url\":\"https:\\/\\/www.hca.wa.gov\\/assets\\/program\\/RFP2567-ASB-Announcement.pdf\"}]","created_at":"########","updated_at":"########","catname":"Acute,BH"},{"id":37,"name":"Washington","abbreviation":"WA","states_id":47,"category_id":"1,2","active":1,"type":"Comprehensive","program_name":"FIMC - Implementing 2019","contract_start":"2018-12-31T18:30:00.000Z","contract_end":"########","extension":"Two 1-yr extensions","reprocurement":"2020-2022","notes":"","links":"[{\"link\":\"Acute Care Contract\",\"url\":\"https:\\/\\/www.hca.wa.gov\\/assets\\/billers-and-providers\\/model_contract_ahmc.pdf\"},{\"link\":\"State Procurement Page\",\"url\":\"https:\\/\\/www.hca.wa.gov\\/about-hca\\/bids-and-contracts\"},{\"link\":\"Additional Resource\",\"url\":\"https:\\/\\/www.hca.wa.gov\\/assets\\/program\\/RFP2567-ASB-Announcement.pdf\"}]","created_at":"########","updated_at":"########","catname":"Acute,BH"},{"id":39,"name":"Wisconsin","abbreviation":"WI","states_id":49,"category_id":"1,2","active":1,"type":"Comprehensive","program_name":"BadgerCarePlus","contract_start":"2017-12-31T18:30:00.000Z","contract_end":"########","extension":"1-yr extension","reprocurement":"2019-2020","notes":"\\n\\n","links":"[{\"link\":\"Acute Care Contract\",\"url\":\"https:\\/\\/www.forwardhealth.wi.gov\\/WIPortal\\/content\\/Managed%20Care%20Organization\\/Contracts\\/pdf\\/2018-2019HMOContract.pdf.spage\"},{\"link\":\"State Procurement Page\",\"url\":\"https:\\/\\/www.dhs.wisconsin.gov\\/business\\/solicitations-list.htm\"},{\"link\":\"Additional Resource\",\"url\":\"https:\\/\\/vendornet.wi.gov\\/Bids.aspx\"}]","created_at":"########","updated_at":"########","catname":"Acute,BH"},{"id":40,"name":"West Virginia","abbreviation":"WV","states_id":48,"category_id":"1,2","active":1,"type":"Comprehensive","program_name":"Mountain Health Trusts","contract_start":"2018-06-30T18:30:00.000Z","contract_end":"########","extension":"Two 1-yr extensions","reprocurement":"2019-2021","notes":"\\n\\n","links":"[{\"link\":\"Acute Care Contract\",\"url\":\"https:\\/\\/dhhr.wv.gov\\/bms\\/Members\\/Managed%20Care\\/MCOcontracts\\/Documents\\/LEWINVWVSFY19MCOModel_Contract.pdf\"},{\"link\":\"State Procurement Page\",\"url\":\"https:\\/\\/prod-fin-vss.wvoasis.gov\\/webapp\\/prdvss11\\/AltSelfService\"},{\"link\":\"Additional Resource\",\"url\":\"\"}]","created_at":"########","updated_at":"########","catname":"Acute,BH"}],"states":[{"id":2,"name":"Alaska","abbreviation":"AK","active":1,"created_at":"########","updated_at":"null","available":0},{"id":1,"name":"Alabama","abbreviation":"AL","active":1,"created_at":"########","updated_at":"null","available":0},{"id":4,"name":"Arkansas","abbreviation":"AR","active":1,"created_at":"########","updated_at":"null","available":0},{"id":3,"name":"Arizona","abbreviation":"AZ","active":1,"created_at":"########","updated_at":"null","available":1},{"id":5,"name":"California","abbreviation":"CA","active":1,"created_at":"########","updated_at":"null","available":1},{"id":6,"name":"Colorado","abbreviation":"CO","active":1,"created_at":"########","updated_at":"null","available":1},{"id":7,"name":"Connecticut","abbreviation":"CT","active":1,"created_at":"########","updated_at":"null","available":0},{"id":8,"name":"Delaware","abbreviation":"DE","active":1,"created_at":"########","updated_at":"null","available":1},{"id":9,"name":"Florida","abbreviation":"FL","active":1,"created_at":"########","updated_at":"null","available":1},{"id":10,"name":"Georgia","abbreviation":"GA","active":1,"created_at":"########","updated_at":"null","available":1},{"id":11,"name":"Hawaii","abbreviation":"HI","active":1,"created_at":"########","updated_at":"null","available":1},{"id":15,"name":"Iowa","abbreviation":"IA","active":1,"created_at":"########","updated_at":"null","available":1},{"id":12,"name":"Idaho","abbreviation":"ID","active":1,"created_at":"########","updated_at":"null","available":0},{"id":13,"name":"Illinois","abbreviation":"IL","active":1,"created_at":"########","updated_at":"null","available":1},{"id":14,"name":"Indiana","abbreviation":"IN","active":1,"created_at":"########","updated_at":"null","available":1},{"id":16,"name":"Kansas","abbreviation":"KS","active":1,"created_at":"########","updated_at":"null","available":1},{"id":17,"name":"Kentucky","abbreviation":"KY","active":1,"created_at":"########","updated_at":"null","available":0},{"id":18,"name":"Louisiana","abbreviation":"LA","active":1,"created_at":"########","updated_at":"null","available":1},{"id":21,"name":"Massachusetts","abbreviation":"MA","active":1,"created_at":"########","updated_at":"null","available":0},{"id":20,"name":"Maryland","abbreviation":"MD","active":1,"created_at":"########","updated_at":"null","available":1},{"id":19,"name":"Maine","abbreviation":"ME","active":1,"created_at":"########","updated_at":"null","available":0},{"id":22,"name":"Michigan","abbreviation":"MI","active":1,"created_at":"########","updated_at":"null","available":1},{"id":23,"name":"Minnesota","abbreviation":"MN","active":1,"created_at":"########","updated_at":"null","available":1},{"id":25,"name":"Missouri","abbreviation":"MO","active":1,"created_at":"########","updated_at":"null","available":1},{"id":24,"name":"Mississippi","abbreviation":"MS","active":1,"created_at":"########","updated_at":"null","available":1},{"id":26,"name":"Montana","abbreviation":"MT","active":1,"created_at":"########","updated_at":"null","available":0},{"id":33,"name":"North Carolina","abbreviation":"NC","active":1,"created_at":"########","updated_at":"null","available":1},{"id":34,"name":"North Dakota","abbreviation":"ND","active":1,"created_at":"########","updated_at":"null","available":1},{"id":27,"name":"Nebraska","abbreviation":"NE","active":1,"created_at":"########","updated_at":"null","available":1},{"id":29,"name":"New Hampshire","abbreviation":"NH","active":1,"created_at":"########","updated_at":"null","available":1},{"id":30,"name":"New Jersey","abbreviation":"NJ","active":1,"created_at":"########","updated_at":"null","available":1},{"id":31,"name":"New Mexico","abbreviation":"NM","active":1,"created_at":"########","updated_at":"null","available":1},{"id":28,"name":"Nevada","abbreviation":"NV","active":1,"created_at":"########","updated_at":"null","available":1},{"id":32,"name":"New York","abbreviation":"NY","active":1,"created_at":"########","updated_at":"null","available":1},{"id":35,"name":"Ohio","abbreviation":"OH","active":1,"created_at":"########","updated_at":"null","available":1},{"id":36,"name":"Oklahoma","abbreviation":"OK","active":1,"created_at":"########","updated_at":"null","available":0},{"id":37,"name":"Oregon","abbreviation":"OR","active":1,"created_at":"########","updated_at":"null","available":1},{"id":38,"name":"Pennsylvania","abbreviation":"PA","active":1,"created_at":"########","updated_at":"null","available":1},{"id":39,"name":"Rhode Island","abbreviation":"RI","active":1,"created_at":"########","updated_at":"null","available":1},{"id":40,"name":"South Carolina","abbreviation":"SC","active":1,"created_at":"########","updated_at":"null","available":1},{"id":41,"name":"South Dakota","abbreviation":"SD","active":1,"created_at":"########","updated_at":"null","available":0},{"id":42,"name":"Tennessee","abbreviation":"TN","active":1,"created_at":"########","updated_at":"null","available":1},{"id":43,"name":"Texas","abbreviation":"TX","active":1,"created_at":"########","updated_at":"null","available":1},{"id":44,"name":"Utah","abbreviation":"UT","active":1,"created_at":"########","updated_at":"null","available":1},{"id":46,"name":"Virginia","abbreviation":"VA","active":1,"created_at":"########","updated_at":"null","available":1},{"id":45,"name":"Vermont","abbreviation":"VT","active":1,"created_at":"########","updated_at":"null","available":0},{"id":47,"name":"Washington","abbreviation":"WA","active":1,"created_at":"########","updated_at":"null","available":1},{"id":49,"name":"Wisconsin","abbreviation":"WI","active":1,"created_at":"########","updated_at":"null","available":1},{"id":48,"name":"West Virginia","abbreviation":"WV","active":1,"created_at":"########","updated_at":"null","available":1},{"id":50,"name":"Wyoming","abbreviation":"WY","active":1,"created_at":"########","updated_at":"null","available":0}],"category":[{"id":2,"name":"BH","description":"Contracts with BH integrated","color":"#f28e2b","hover_color":"#6824D6","active":1,"created_at":"########","updated_at":"########"},{"id":3,"name":"LTSS","description":"Contracts with LTSS integrated","color":"#e15759","hover_color":"#6824D7","active":1,"created_at":"########","updated_at":"########"},{"id":5,"name":"CHIP","description":"null","color":"#4e79a7","hover_color":"#6824D8","active":1,"created_at":"########","updated_at":"########"}],"pages":{"previous":null,"next":null}}